name,x,y,province
BUS_1,-69.467446,48.341426,QC
BUS_2,-89.216627,48.436281,ON
BUS_3,-64.510648,46.002114,NB
BUS_4,-71.1923,46.707337,QC
BUS_5,-75.603728,51.669994,QC
